Model,Accuracy,Precision,Recall,F1-Score,ROC-AUC
Gradient Boosting,0.9032258064516129,0.21428571428571427,0.75,0.3333333333333333,0.9304579889807163
